Ingredient,Frequency
pepper,5985
oil,4517
salt,4174
onion,4164
cheese,2776
butter,2484
water,2293
sugar,2032
garlic,1732
cloves,1609
sauce,1594
broth,1511
flour,1403
juice,1313
tomatoes,1199
eggs,1172
milk,1160
parsley,1095
potatoes,1093
onions,1086
vinegar,1031
celery,990
cream,985
beans,886
carrots,883
rice,849
mushrooms,788
cumin,703
basil,659
beef,622
flakes,618
cilantro,616
leaves,611
thyme,611
paprika,609
egg,607
pasta,601
wine,600
mustard,584
tomato,574
crumbs,560
mayonnaise,499
shrimp,492
peppers,485
bacon,447
mix,444
cinnamon,442
spinach,442
ginger,440
sausage,433
spray,432
soup,414
stock,409
cubes,403
seasoning,401
cornstarch,399
peas,398
corn,376
halves,344
noodles,343
chunks,339
carrot,312
seeds,300
honey,287
paste,279
soy,278
nutmeg,276
cabbage,276
turkey,272
strips,265
lemon,263
zucchini,262
leaf,257
chops,247
florets,244
chicken,238
meat,233
ounce,228
root,228
lentils,221
bouillon,221
olives,221
half,216
spaghetti,210
extract,198
turmeric,197
zest,195
wedges,195
chili,194
ketchup,188
thighs,188
sage,182
soda,174
tofu,174
worcestershire,173
cucumber,172
slices,166
tortillas,165
bread,164
coriander,163
fillets,160
avocado,156
breasts,154
broccoli,151
curry,150
size,149
lengthwise,149
lime,147
potato,147
pork,145
chives,145
squash,133
rosemary,133
pecans,131
weed,130
ham,126
yogurt,125
dill,123
apple,123
seed,116
breast,115
pineapple,115
walnuts,113
shallots,112
lettuce,108
almonds,107
raisins,107
syrup,107
kernels,106
apples,106
allspice,101
crabmeat,101
macaroni,100
rings,99
sherry,98
blend,93
ribs,93
shallot,92
mint,92
lamb,92
chips,88
yeast,85
vegetables,84
peppercorns,84
liquid,83
marjoram,81
margarine,81
granules,80
sprouts,80
spice,80
mango,79
oregano,77
beer,76
grapes,73
bite,72
crust,72
tarragon,71
skin,71
cranberries,71
bay,71
crackers,70
bananas,69
avocados,69
salad,68
temperature,68
poultry,68
nuts,66
buttermilk,65
scallops,65
peanuts,65
cucumbers,65
cauliflower,64
frying,63
salmon,63
tuna,62
dressing,62
clams,62
masala,61
vanilla,61
shoulder,60
loin,59
chiles,59
pesto,58
strawberries,57
asparagus,57
steak,56
quinoa,55
foil,55
rounds,54
sprigs,53
shells,53
limes,52
butternut,52
radishes,52
brisket,50
whites,49
chestnuts,48
steaks,48
hearts,48
casings,47
kale,47
buns,47
wrappers,46
coconut,46
parts,46
capers,46
teriyaki,45
links,45
tails,45
scallions,44
relish,44
oats,44
tabasco,44
barley,43
cornmeal,43
lemons,43
blueberries,42
tenderloin,42
yolks,41
oranges,41
cardamom,40
greens,40
mussels,40
salsa,40
berries,39
marinara,38
dough,38
sriracha,38
horseradish,36
puree,36
bits,36
chickpeas,36
wings,35
cider,35
rolls,35
skewers,34
ranch,34
giblets,34
dice,33
rotel,33
cherries,33
fat,32
marshmallows,32
redhot,32
ounces,32
matchsticks,31
chilies,31
banana,30
cocoa,30
fillet,29
cashews,29
topping,29
choy,29
applesauce,28
whip,28
pickles,28
orange,28
pastry,28
okra,28
base,28
leeks,28
yolk,27
white,27
sticks,27
provence,27
ground,27
pumpkin,27
quarters,26
bones,26
chile,25
crusts,25
starch,25
food,25
tops,25
stick,25
tips,25
baking,25
velveeta,25
legs,25
c,25
concentrate,24
tortellini,24
saffron,24
spears,23
leek,23
cocktail,23
drippings,22
crosswise,22
enchilada,22
vinaigrette,22
miso,22
stalk,22
pods,22
sausages,22
stalks,22
stems,22
peel,21
liqueur,21
beets,21
tenderloins,21
taco,20
shortening,20
oysters,20
vidalia,20
prosciutto,20
cod,19
shoots,19
oelek,19
yams,19
bone,19
sake,18
drumsticks,18
thirds,18
cob,18
jar,18
raspberries,17
squares,17
savory,17
chachere,17
msg,16
lengths,16
fish,16
mangos,16
mexican,16
grape,16
threads,16
gravy,16
hoisin,16
shanks,16
whiskey,16
grass,16
swiss,16
herbs,15
arugula,15
lemongrass,15
cube,15
toothpicks,15
twine,15
eggplant,15
croutons,15
rum,15
guinness,15
knorr,15
crumbles,15
marmalade,14
cajun,14
cereal,14
sauerkraut,14
sirloin,14
herb,14
caps,14
zucchinis,14
ancho,14
radish,14
peaches,14
hominy,14
butt,13
meal,13
rib,13
part,13
linguine,13
carcass,13
jam,13
parsnips,12
adobo,12
pounds,12
ritz,12
germ,12
dash,12
fajita,12
seaweed,12
thickness,12
nectar,12
grits,12
substitute,12
bisquick,12
chipotle,12
gnocchi,12
molasses,12
pickle,12
apricots,12
tidbits,11
tahini,11
fraiche,11
tamari,11
consomme,11
tm,11
choice,11
segments,11
clove,11
gum,11
brine,11
mangoes,11
currants,11
watermelon,11
creole,10
apricot,10
yam,10
melon,10
prunes,10
ice,10
chocolate,10
barbecue,10
pound,10
bulb,10
turnips,10
grease,10
pear,10
husks,10
pears,10
tots,9
spread,9
hock,9
craisins,9
pepperoni,9
tamarind,9
jicama,9
grain,9
file,9
spareribs,9
paper,9
sheets,9
chutney,9
pancetta,9
cutlets,9
brandy,8
cantaloupe,8
o,8
chunky,8
blackberries,8
dates,8
minutes,8
baguette,8
pimentos,8
spam,8
juices,8
goya,8
beverage,8
verde,8
pectin,8
minute,8
rutabaga,8
packets,8
wheat,8
ghee,8
hazelnuts,8
anise,8
inch,8
membranes,8
tartar,8
cornbread,8
hocks,8
duck,8
tenders,8
sodium,7
eighths,7
parsnip,7
coffee,7
kimchi,7
ale,7
tilapia,7
lipton,7
bragg,7
fennel,7
mozzarella,7
gelatin,7
pulp,7
inches,7
mace,7
wasabi,7
fresco,7
biscuits,7
petals,7
fettuccine,7
salami,7
belly,7
bourbon,7
vermicelli,7
breadcrumbs,7
v,7
marinade,7
asafoetida,7
bias,7
marzano,7
link,6
pimento,6
sazon,6
color,6
tomatillo,6
tail,6
prawns,6
campbell,6
mirin,6
cayenne,6
a,6
soybeans,6
vermouth,6
frank,6
achiote,6
amount,6
pod,6
slivers,6
mushroom,6
style,6
mccormick,6
pot,6
free,6
cookies,6
sofrito,6
peach,6
kiwi,6
plum,6
meatballs,6
balance,6
flavor,5
kiwis,5
seafood,5
orzo,5
farro,5
kielbasa,5
guacamole,5
joe,5
rabe,5
figs,5
swanson,5
tapioca,5
fine,5
pepperoncini,5
heinz,5
sections,5
halibut,5
turnip,5
pats,5
lard,5
crabs,5
rub,5
tapatio,5
carton,5
cavender,5
rump,5
skins,5
tequila,5
tomatillos,5
doritos,5
bass,5
catalina,5
arrowroot,5
annatto,5
jelly,5
s,5
rhubarb,5
paso,5
protein,5
f,5
tortilla,5
gochugaru,5
recipe,5
escarole,5
rinds,5
chorizo,5
cut,5
moons,5
heads,5
ben,5
cannellini,5
boursin,5
french,5
mochiko,4
patties,4
bulbs,4
bulgur,4
directions,4
ravioli,4
strands,4
hellman,4
roe,4
bison,4
bagel,4
aminos,4
medley,4
seasonings,4
nori,4
boneless,4
island,4
pinches,4
lawry,4
note,4
mexico,4
farfalle,4
gallo,4
membrane,4
alfredo,4
galangal,4
blossoms,4
muffins,4
scapes,4
liner,4
diameter,4
progresso,4
feta,4
silk,4
pam,4
piece,4
almondmilk,4
venison,4
reggiano,4
leftover,4
roma,4
harina,4
smith,4
pomegranate,4
grill,4
strings,4
mignon,4
valentina,4
roots,4
filets,4
vodka,4
pure,4
oxtail,4
liver,4
kelp,3
dish,3
gills,3
pillsbury,3
chickens,3
original,3
groats,3
coins,3
dip,3
champagne,3
ends,3
livers,3
flavoring,3
leg,3
eggplants,3
roni,3
dal,3
stuffing,3
splenda,3
bush,3
prego,3
pretzels,3
bean,3
ramen,3
crisps,3
crawfish,3
sumac,3
medallions,3
summer,3
jerk,3
gloves,3
gold,3
pistachios,3
poupon,3
grigio,3
bottoms,3
fruit,3
romaine,3
dean,3
schnapps,3
request,3
portions,3
garnish,3
hunt,3
accent,3
top,3
palm,3
green,3
marnier,3
pimientos,3
cherry,3
fries,3
pudding,3
liquor,3
dry,3
monte,3
boil,3
product,3
jiffy,3
jowl,3
count,3
hanout,3
casing,3
kikkoman,3
season,3
jalapeno,3
chop,3
flounder,3
chardonnay,3
round,3
creamy,3
philadelphia,3
buds,3
hot,3
fresh,3
shank,3
seasons,3
crab,3
kraft,3
pan,3
cartilage,3
eye,3
drumettes,3
ragu,3
foods,2
cap,2
roughy,2
combination,2
bangus,2
stem,2
bottle,2
pliers,2
replacer,2
herdez,2
pepitas,2
tentacles,2
endive,2
mahatma,2
rectangles,2
rutabagas,2
aidells,2
tenderizer,2
hunts,2
colman,2
tvp,2
sweetener,2
starter,2
mates,2
fines,2
manis,2
octopus,2
bouquet,2
strip,2
peanut,2
triangles,2
medium,2
shop,2
g,2
brown,2
walnut,2
fronds,2
rind,2
sichuan,2
garni,2
anchovies,2
patak,2
maseca,2
whiz,2
box,2
ray,2
papaya,2
sides,2
nectarines,2
fork,2
pitas,2
towel,2
cow,2
clamato,2
circles,2
kewpie,2
trout,2
barilla,2
giant,2
djan,2
filling,2
fungus,2
polenta,2
cheesecloth,2
press,2
mahi,2
ears,2
sauvignon,2
fage,2
matcha,2
curd,2
watercress,2
caesar,2
dashi,2
sprig,2
variety,2
lager,2
currant,2
dogs,2
feet,2
penne,2
plums,2
kabocha,2
bag,2
sunflower,2
mesquite,2
farms,2
browns,2
moisture,2
dashes,2
kahlua,2
perrins,2
pete,2
master,2
pace,2
crisp,2
candies,2
fritos,2
king,2
farm,2
wedge,2
dubliner,2
maggi,2
johnsonville,2
roux,2
bok,2
supreme,2
discs,2
portion,2
clusters,2
chianti,2
planks,2
filet,2
mountain,2
millet,2
gherkins,2
niblets,2
nectarine,2
matchstick,2
pinch,2
peeler,2
bran,2
roll,2
cm,2
hummus,2
flowers,2
bunches,2
silks,2
tip,2
zatarain,2
freekeh,2
tart,2
log,2
light,2
ruffles,2
eckrich,2
chervil,2
doenjang,2
caramels,2
winter,2
magic,2
assortment,2
me,1
daal,1
scape,1
tempeh,1
knuckle,1
dahl,1
cremini,1
junket,1
gala,1
maple,1
quahogs,1
candy,1
glace,1
persimmon,1
core,1
navy,1
labneh,1
crowns,1
rajma,1
sargento,1
bitters,1
reduction,1
chevre,1
quick,1
house,1
creme,1
maytag,1
pet,1
confectioners,1
monde,1
wizard,1
decoration,1
cress,1
pierogies,1
stevia,1
finger,1
pearl,1
nostoc,1
select,1
fusilli,1
melts,1
ramyonsari,1
shapes,1
necks,1
towels,1
pizza,1
breads,1
fashioned,1
bun,1
plochman,1
bell,1
grands,1
jalapenos,1
pato,1
consomm,1
cooking,1
wrap,1
brussels,1
oreo,1
panko,1
amani,1
advieh,1
blender,1
harissa,1
paisano,1
tangerines,1
blocks,1
need,1
gravlax,1
sel,1
wing,1
smokies,1
stovetop,1
madeira,1
curds,1
veganaise,1
beaters,1
turban,1
doubanjiang,1
red,1
acid,1
quinces,1
blood,1
cavatelli,1
no,1
guajillo,1
basics,1
cornhusks,1
instructions,1
grey,1
bags,1
daniel,1
elk,1
slaw,1
marzetti,1
loaf,1
tin,1
dream,1
cactus,1
succotash,1
eyes,1
artichokes,1
sunchokes,1
banza,1
lopez,1
fuji,1
chex,1
granola,1
rapunzel,1
discard,1
cucmber,1
sixths,1
ribbons,1
way,1
homestyle,1
hen,1
hatch,1
utz,1
buttercup,1
colors,1
chowder,1
vegata,1
total,1
wolf,1
raw,1
aji,1
tteok,1
bites,1
amaranth,1
coloring,1
pb,1
dukka,1
chunjang,1
coors,1
dunya,1
nopalitos,1
matoes,1
rainbow,1
chipotles,1
spike,1
flesh,1
length,1
tobiko,1
spiralizer,1
mackerel,1
maui,1
pilaf,1
fenugreek,1
parma,1
epazote,1
plantains,1
pioneer,1
masa,1
pastries,1
squashes,1
tostadas,1
oatmeal,1
quark,1
cacao,1
granular,1
cheeses,1
radicchio,1
bayr,1
maharaja,1
cloth,1
fourths,1
mill,1
wingettes,1
flats,1
vegemite,1
crispix,1
quorn,1
brooks,1
toppings,1
gris,1
refrigerator,1
nf,1
fresca,1
dukkah,1
toast,1
valley,1
pinnacle,1
venice,1
daiya,1
pastina,1
casserole,1
husk,1
flax,1
puy,1
louisiana,1
organic,1
persimmons,1
cointreau,1
locoto,1
angostura,1
kamayan,1
alum,1
fettucine,1
ida,1
tarako,1
besan,1
serrano,1
newman,1
arils,1
paneer,1
fruits,1
romano,1
chourico,1
wafers,1
clam,1
brushing,1
tea,1
jameson,1
buddig,1
agria,1
roasts,1
calvados,1
aurora,1
layer,1
tropical,1
salute,1
oz,1
flank,1
adolph,1
hash,1
cookers,1
glen,1
hotness,1
dominoes,1
pom,1
hours,1
enoki,1
hour,1
chayotes,1
life,1
kefir,1
reserve,1
watermelons,1
ploy,1
classico,1
blade,1
compote,1
marrow,1
chilaca,1
criollo,1
togarashi,1
yautias,1
plantain,1
home,1
spoon,1
hines,1
nilla,1
game,1
roun,1
walla,1
layers,1
sorghum,1
floret,1
section,1
containers,1
isernio,1
aidellsr,1
edamame,1
pured,1
lobster,1
barberries,1
callender,1
quail,1
idahoan,1
loquat,1
kochujang,1
dashida,1
cassava,1
modelo,1
tongue,1
vay,1
suet,1
blanc,1
cheong,1
cheek,1
whidbey,1
diagonals,1
butterworth,1
innovasian,1
knox,1
creamer,1
handles,1
yellow,1
blossom,1
coating,1
peppadew,1
shreds,1
blanched,1
hens,1
caraway,1
gulden,1
muffin,1
balls,1
elbows,1
ciliegine,1
lay,1
popcorn,1
store,1
packages,1
duckling,1
back,1
sprinkling,1
beet,1
mincemeat,1
jwala,1
shortcakes,1
seltzer,1
kashmiri,1
croissants,1
rosewater,1
porter,1
saba,1
goose,1
clementine,1
roadhouse,1
timer,1
swan,1
gin,1
into,1
cans,1
claws,1
whisky,1
fiesta,1
amber,1
morton,1
cola,1
bam,1
daechu,1
gingersnaps,1
glaze,1
montreal,1
peper,1
enhancer,1
frankfurters,1
honeydew,1
baller,1
dusting,1
moist,1
skillet,1
olive,1
turbodog,1
trimmings,1
fatback,1
knee,1
sole,1
brand,1
yellowtail,1
vietti,1
cattlemen,1
coleslaw,1
mixture,1
sassafras,1
celtuce,1
kee,1
pate,1
sec,1
jugo,1
prague,1
poblanos,1
traditional,1
sal,1
nando,1
diamond,1
italpasta,1
cortland,1
cotechino,1
maria,1
frozen,1
coarsley,1
company,1
merlot,1
purity,1
grinder,1
pancakes,1
angle,1
aioli,1
pearls,1
haddock,1
vegenaise,1
tubes,1
grapefruit,1
corona,1
markets,1
end,1
head,1
andy,1
cobs,1
farmers,1
string,1
pomelo,1
maifun,1
walleye,1
catfish,1
scallion,1
bunch,1
loaves,1
labanos,1
kangkong,1
pompanos,1
plank,1
kiwifruit,1
lundberg,1
whitefish,1
saeujeot,1
pomi,1
blackberry,1
pla,1
farina,1
bbq,1
cholula,1
grains,1
waffles,1
flatbread,1
skinless,1
glory,1
crookneck,1
slicer,1
insides,1
wash,1
rigatoni,1
hp,1
flowerets,1
lily,1
nooodles,1
nests,1
ortega,1
gilbert,1
rao,1
sangiovese,1
spaghettini,1
assembly,1
eggnog,1
footnote,1
picnic,1
crisco,1
bowls,1
bellas,1
vegetable,1
cognac,1
sharp,1
skewer,1
days,1
kombu,1
hondashi,1
shirakiku,1
shoyu,1
franks,1
mandarin,1
rigati,1
kary,1
mama,1
scissors,1
klondike,1
crema,1
cuts,1
roja,1
chook,1
shape,1
slant,1
queso,1
tyson,1
drumstick,1
footnotes,1
thigh,1
cheez,1
zaatar,1
rest,1
squid,1
lb,1
hill,1
hellmann,1
